n_total,max_dbeta,p99_dbeta,p99_9_dbeta,n_dbeta_gt_1,n_dbeta_gt_p99
855061,0.0020146872413193562,8.833437783679826e-05,0.0002067812187354988,0,8523
